{"cameraMode":{"drawMode":0,"name":"Shaded","section":"Shading Mode"},"sceneLighting":true,"audioPlay":false,"sceneViewState":{"m_AlwaysRefresh":false,"showFog":true,"showSkybox":true,"showFlares":true,"showImageEffects":true,"showParticleSystems":true,"showVisualEffectGraphs":true,"m_FxEnabled":true},"in2DMode":false,"pivot":{"x":-119.13726043701172,"y":0.7790520787239075,"z":410.90533447265627},"rotation":{"x":0.27575579285621645,"y":-0.3159266710281372,"z":0.09645373374223709,"w":0.9029080867767334},"size":9.485618591308594,"orthographic":false}