{"cameraMode":{"drawMode":0,"name":"Shaded","section":"Shading Mode"},"sceneLighting":true,"audioPlay":false,"sceneViewState":{"m_AlwaysRefresh":false,"showFog":true,"showSkybox":true,"showFlares":true,"showImageEffects":true,"showParticleSystems":true,"showVisualEffectGraphs":true,"m_FxEnabled":true},"in2DMode":false,"pivot":{"x":-8.306403160095215,"y":2.6511952877044679,"z":-60.20151138305664},"rotation":{"x":0.11312218755483628,"y":-0.02860422432422638,"z":0.003475959412753582,"w":0.9932608008384705},"size":0.8660288453102112,"orthographic":false}